	; Drop DATABASE IF EXISTS `QLBH`;		
; create DATABASE IF NOT EXISTS `QLBH` DEFAULT CHARACTER SET utf8 COLLATE utf8_unicode_ci;
USE `QLBH`;	

						
						
						
						

; drop table if exists khachhang	;			
	
	; create table if not exists khachhang				
				
 	(					
	MaKH	varchar(10)	not null,			
	Hodem	varchar(50)	null,			
	Ten	varchar(20)	null,			
	diachi	varchar(250)	null,			
	Email	varchar(50)	null,			
	Dienthhoai	varchar(15)	null,			
						
	CONSTRAINT PK_MaKH PRIMARY KEY(MaKH)					
	)					
						
						
						

	; drop table if exists  SanPham					
	; create table if not exists SanPham					
	(					
	masp	int AUTO_INCREMENT	not null,			
	mota	varchar(100)	null,			
	soluong	int	null,			
	dongia	int	null,			
	tensp	varchar(250)	null,			
						
	CONSTRAINT PK_masp PRIMARY KEY(masp)	,				
	CONSTRAINT CK_soluong CHECK((soluong>0))	,				
	CONSTRAINT CK_dongia CHECK((dongia>0))					
	)					
						
						
						
						
						

	; drop table if exists  Hoadon					
	; create table if not exists Hoadon					
	(					
	Mahd	int AUTO_INCREMENT	not null,			
	ngaymua	datetime	null ,			
	makh	varchar(10)	not null,			
	trangthai	varchar(50)	null,			
						
	CONSTRAINT PK_Hoadon PRIMARY KEY(Mahd)	,				
	CONSTRAINT FK_Hoadon_makh FOREIGN KEY(makh) REFERENCES Khachhang(makh)		on delete cascade on update cascade			
	)					
						

; drop table if exists  Hoadonchitiet			
; create table if not exists Hoadonchitiet			
(			
MaHDCT	int AUTO_INCREMENT	not null,	
masp	int	not null,	
soluong	int	null ,	
mahd	int	not null,	
			
CONSTRAINT PK_Hoadonchitiet PRIMARY KEY(MaHDCT)	,		
CONSTRAINT FK_Hoadonchitiet_SanPham FOREIGN KEY(masp) REFERENCES SanPham(masp)	on delete cascade on update cascade,		
CONSTRAINT FK_Hoadonchitiet_Hoadon FOREIGN KEY(mahd) REFERENCES Hoadon(Mahd)	on delete cascade on update cascade		
			
)			
;
Delete from khachhang; insert into khachhang values 
(N'KH0001',N'Thái Thị',N'Hải',N'01 Hàn Mặc Tử - TP.Quy Nhơn Bình Định',N'ThaiThiHaiPH03236@fpt.edu.vn','93128603515'),
(N'KH0002',N'Phan Thị',N'Hoài',N' Đề Thám - TX. Thái Bình - Ninh Thuận',N'PhanThiHoaiPH03237@fpt.edu.vn','96342829232'),
(N'KH0003',N'Trần Văn',N'Hùng',N'TP. Bắc Giang - tỉnh Bắc Giang',N'TranVanHungPH03238@fpt.edu.vn','91072846891'),
(N'KH0004',N'Đỗ Văn',N'Gia',N' Bãi Cháy',N'DoVanGiaKhanhPH03239@fpt.edu.vn','92293970286'),
(N'KH0005',N'Hồ Minh',N'Long',N'Phường Tân Thành- Thành phố Ninh Bình',N'HoMinhLongPH03240@fpt.edu.vn','92318049299'),
(N'KH0006',N'Trương Văn',N'Bạn',N'Đường Lý Bôn - TX. Thái Bình - Thái Bình',N'TruongVanBanPK02932@fpt.edu.vn','94079558994'),
(N'KH0007',N'Trần Trọng',N'Duy',N'Tp. Đà Lạt - Lâm Đồng',N'TranTrongDuyPK02933@fpt.edu.vn','99760347570'),
(N'KH0008',N'Võ Huỳnh',N'Đức',N'P.Hợp Giang - Tx.Cao Bằng - Cao Bằng',N'VoHuynhDucPK02934@fpt.edu.vn','93940556628'),
(N'KH0009',N'Lê Thị',N'Hiếu',N'Lý Thường Kiệt - Tx. Cao Lãnh - Đồng Tháp ',N'LeThiHieuPK02935@fpt.edu.vn','97363617073'),
(N'KH0010',N'Hoàng Văn',N'Huấn',N'huyện Gia Viễn - Ninh Bình',N'HoangVanHuanPK02936@fpt.edu.vn','96089307608'),
(N'KH0011',N'Phan Thị',N'Thanh',N'Quang Trung - Hải Châu - Đà Nẵng',N'PhanThiThanhHuongPK02937@fpt.edu.vn','96987639121'),
(N'KH0012',N'Trương Công',N'Lâm',N'01 Hàn Mặc Tử  - TP.Quy Nhơn Bình Định',N'TruongCongLamPK02938@fpt.edu.vn','94864407278'),
(N'KH0013',N'Lê Thị',N'Dung',N' Đề Thám - TX. Thái Bình - Ninh Thuận',N'LeThiDungAnhPQ02958@fpt.edu.vn','95023960970'),
(N'KH0014',N'Vi Thị',N'Diệu',N'TP. Bắc Giang - tỉnh Bắc Giang',N'ViThiDieuPQ02959@fpt.edu.vn','93371283505'),
(N'KH0015',N'Hoàng Đông',N'Khánh',N'Khu Bến Do - Cẩm Trung -Cẩm Phả - Quảng Ninh',N'HoangDongPQ02960@fpt.edu.vn','94323852418'),
(N'KH0016',N'Lê Thị',N'Hồng',N'Lạc Trung - Hai Bà Trưng - Hà Nội',N'LeThiHongHanhPQ02961@fpt.edu.vn','96414819784'),
(N'KH0017',N'Nguyễn Thị',N'Nhật',N'Bá Hiến - Bình Xuyên - Vĩnh Phúc',N'NguyenThiNhatHoangPQ02962@fpt.edu.vn','94907565629'),
(N'KH0018',N'Nguyễn Thị',N'Quỳnh',N'TP. Bắc Giang - tỉnh Bắc Giang',N'NguyenThiQuynhHuongPQ02963@fpt.edu.vn','96675748039'),
(N'KH0019',N'Lô Thị',N'Lan',N'Khu 9 - Bãi Cháy - Hạ Long - Quảng Ninh ',N'LoThiLanPQ02964@fpt.edu.vn','9888335026'),
(N'KH0020',N'Nguyễn Như',N'Mạnh',N'Cúc Phương -  huyện Nho Quan - Ninh Bình',N'NguyenNhuManhPQ02965@fpt.edu.vn','91560197671'),
(N'KH0021',N'Bùi Thị',N'Mai',N'Quang Trung',N'BuiThiMaiAnhPS02913@fpt.edu.vn','99036179825'),
(N'KH0022',N'Phạm Ngọc',N'Văn',N'Lạc Trung - Hai Bà Trưng - Hà Nội',N'PhamNgocVanChuongPS02914@fpt.edu.vn','98367023254'),
(N'KH0023',N'Ksơr H',N'Đỏ',N'Phường Tân Thành- Thành phố Ninh Bình',N'KsorH_DoPS02915@fpt.edu.vn','96289289495'),
(N'KH0024',N'Vi Thị',N'Hải',N' Đề Thám - TX. Thái Bình - Thái Bình',N'ViThiHaiPS02916@fpt.edu.vn','92686465849'),
(N'KH0025',N'Hồ Anh',N'Hoàng',N'Tp. Đà Lạt - Lâm Đồng',N'HoAnhHoangPS02917@fpt.edu.vn','99107328790'),
(N'KH0026',N'Trần Thái',N'Hưng',N'P.Hợp Giang - Tx.Cao Bằng - Cao Bằng',N'TranThaiHungPS02918@fpt.edu.vn','97166418717'),
(N'KH0027',N'Võ Đông',N'Kinh',N'Tx. Cao Lãnh - Đồng Tháp ',N'VoDongKinhPS02919@fpt.edu.vn','91200154782'),
(N'KH0028',N'Nguyễn Quang',N'Lực',N'P. Đống Đa - TP. Pleiku',N'NguyenQuangLucPS02920@fpt.edu.vn','99725006534')
;
Delete from sanpham; insert into sanpham(tensp,soluong,dongia,mota) values 
(N'Máy phay mộng đa năng 5 động cơ',442,727000,N'Máy phay mộng đa năng 5 động cơ'),
(N'Than hoạt tính sọ dừa ',778,282000,N'Than hoạt tính sọ dừa '),
(N' Ghế tạ đa năng',995,971000,N' Ghế tạ đa năng'),
(N' gối cao su thiên nhiên',725,208000,N' gối cao su thiên nhiên'),
(N'Phân NPK',303,765000,N'Phân NPK'),
(N'Nước cốt dừa đóng lon',131,207000,N'Nước cốt dừa đóng lon'),
(N'Tinh bột sắn',635,32000,N'Tinh bột sắn'),
(N'Bánh tráng dẻo xuất khẩu',895,476000,N'Bánh tráng dẻo xuất khẩu'),
(N'Máy phát điện',706,557000,N'Máy phát điện'),
(N'Kẹo dừa ca cao',848,974000,N'Kẹo dừa ca cao'),
(N'Muối chanh ớt DASAVI',841,776000,N'Muối chanh ớt DASAVI'),
(N'Ô Long kim tuyên trà',140,865000,N'Ô Long kim tuyên trà'),
(N'Dây chuyền chế biến bột cá',580,419000,N'Dây chuyền chế biến bột cá'),
(N'Bao bì nhựa cao cấp',632,130000,N'Bao bì nhựa cao cấp'),
(N'Máng phản quang T5 - hiệu Elink',841,891000,N'Máng phản quang T5 - hiệu Elink'),
(N'Bồn inox',442,434000,N'Bồn inox'),
(N'Cặp cán bộ C11864; cặp học sinh CA1216',581,226000,N'Cặp cán bộ C11864; cặp học sinh CA1216'),
(N'Chè Ô Long',935,815000,N'Chè Ô Long'),
(N'Nước mắm Tứ tuyệt - Nước mắm ruốc hiệu con cá vàng',267,168000,N'Nước mắm Tứ tuyệt - Nước mắm ruốc hiệu con cá vàng'),
(N'Máy bóc vỏ lụa nhân hạt điều',426,675000,N'Máy bóc vỏ lụa nhân hạt điều'),
(N'Kính cường lực',959,575000,N'Kính cường lực'),
(N'Máy tuốt lúa Tân Việt',898,981000,N'Máy tuốt lúa Tân Việt'),
(N'Miến dong Nhất Thiện Ba Bể',615,566000,N'Miến dong Nhất Thiện Ba Bể'),
(N'Kẹo Cu đơ Phong Nga',705,164000,N'Kẹo Cu đơ Phong Nga'),
(N'Nước mắm Vạn Phần',839,146000,N'Nước mắm Vạn Phần'),
(N'Lạp xưởng Mai Quế Lộ hút chân không hiệu Quãng Trân',110,559000,N'Lạp xưởng Mai Quế Lộ hút chân không hiệu Quãng Trân'),
(N'Chè xanh Quyết Thắng',503,556000,N'Chè xanh Quyết Thắng'),
(N'Cá bò tẩm gia vị',878,779000,N'Cá bò tẩm gia vị'),
(N'Nước mắm Nam Phan',844,794000,N'Nước mắm Nam Phan'),
(N'Đặc sản mỳ gạo Chũ truyền thống',533,397000,N'Đặc sản mỳ gạo Chũ truyền thống'),
(N'Trà Shan tuyết công phu Độ Khoa',628,787000,N'Trà Shan tuyết công phu Độ Khoa'),
(N'Cà phê Tâm Châu hộp trống',255,412000,N'Cà phê Tâm Châu hộp trống'),
(N'Máy làm nhang tự động',590,941000,N'Máy làm nhang tự động'),
(N'Máy gieo hạt tự động thế hệ mới',545,113000,N'Máy gieo hạt tự động thế hệ mới'),
(N'Gạch không nung chống thấm',567,536000,N'Gạch không nung chống thấm'),
(N'Cặp phao cứu sinh',608,226000,N'Cặp phao cứu sinh'),
(N'Bộ sản phẩm Composite FRP',647,523000,N'Bộ sản phẩm Composite FRP'),
(N'Iphone 7 32GB',537,239000,N'Iphone 7 32GB'),
(N'Trà Ô Long ',224,444000,N'Trà Ô Long '),
(N'Iphone 7 16GB',879,341000,N'Iphone 7 16GB'),
(N'Kéo cắt tỉa đa năng',997,267000,N'Kéo cắt tỉa đa năng'),
(N'Iphone 3',243,758000,N'Iphone 3'),
(N'Iphone 4',107,265000,N'Iphone 4'),
(N'Iphone 5',361,618000,N'Iphone 5'),
(N'Iphone 6',846,394000,N'Iphone 6'),
(N'Máy kéo lúa',413,619000,N'Máy kéo lúa'),
(N'Que hàn điện xuyên Á',760,881000,N'Que hàn điện xuyên Á'),
(N'Bộ sản phẩm đồ thờ men rạn giả cổ đắp nổi ',493,509000,N'Bộ sản phẩm đồ thờ men rạn giả cổ đắp nổi '),
(N'Vài thiều nước đường đóng hộp',815,57000,N'Vài thiều nước đường đóng hộp'),
(N'Miến Việt Cường',882,210000,N'Miến Việt Cường'),
(N'Nha đam tươi',519,388000,N'Nha đam tươi'),
(N'Cà phê Hương chồn',579,209000,N'Cà phê Hương chồn'),
(N'Dàn cày bảy chảo',468,602000,N'Dàn cày bảy chảo'),
(N'Bộ lọ gốm hoa văn cách điệu hoa cúc dây  ',448,131000,N'Bộ lọ gốm hoa văn cách điệu hoa cúc dây  '),
(N'TULIPAN SET ',685,788000,N'TULIPAN SET '),
(N'Rèm gỗ nội thất',277,978000,N'Rèm gỗ nội thất'),
(N'Khung trang trí treo tường',922,284000,N'Khung trang trí treo tường'),
(N'Bộ bàn ghế làm việc',972,789000,N'Bộ bàn ghế làm việc'),
(N'Bộ kết nối cầu sau ',906,648000,N'Bộ kết nối cầu sau '),
(N'Tiêu Tiên Phước',251,173000,N'Tiêu Tiên Phước'),
(N'Hạt sen sấy ',920,152000,N'Hạt sen sấy '),
(N'Nước mắm  Khải Hoàn',944,934000,N'Nước mắm  Khải Hoàn'),
(N'Nước mắm Gia Hỷ 60N 500ml không phụ gia',887,784000,N'Nước mắm Gia Hỷ 60N 500ml không phụ gia'),
(N'Cửa xếp Thống Nhất',855,545000,N'Cửa xếp Thống Nhất'),
(N'Khung xe đạp sắt và inox',594,446000,N'Khung xe đạp sắt và inox'),
(N'Máy ép củi trấu',841,147000,N'Máy ép củi trấu'),
(N'Bàn ghế mây nhựa',402,45000,N'Bàn ghế mây nhựa'),
(N'Bàn mây xếp',788,530000,N'Bàn mây xếp'),
(N'Vải lụa tơ tằm Mã Châu',651,227000,N'Vải lụa tơ tằm Mã Châu'),
(N'Chè nõn Trại Cài Nguyên Việt',643,72000,N'Chè nõn Trại Cài Nguyên Việt'),
(N' Rong nho khô',731,427000,N' Rong nho khô'),
(N'Máy đầm dùi',829,594000,N'Máy đầm dùi'),
(N'Túi làn hoa quai gỗ',948,440000,N'Túi làn hoa quai gỗ'),
(N'Hộp tròn đan mây ',700,512000,N'Hộp tròn đan mây '),
(N'Bộ chăn ga gối',465,410000,N'Bộ chăn ga gối'),
(N'Lan can đá',850,780000,N'Lan can đá'),
(N'Bộ sản phẩm chạm bạcđồ thờ Đồng Xâm',478,196000,N'Bộ sản phẩm chạm bạcđồ thờ Đồng Xâm'),
(N'Bộ bàn đôn ghế ngồi 2 chức năng',870,877000,N'Bộ bàn đôn ghế ngồi 2 chức năng'),
(N'Bộ ghế Sofa',634,555000,N'Bộ ghế Sofa'),
(N'Bộ sản phẩm gốm men cổ',252,570000,N'Bộ sản phẩm gốm men cổ'),
(N'Sọt đựng rác cây nấm bằng mây tre (AC540063)',315,710000,N'Sọt đựng rác cây nấm bằng mây tre (AC540063)'),
(N'Chiếu cói gấp Xuân Hòa',114,155000,N'Chiếu cói gấp Xuân Hòa'),
(N'Ghế giả mây',908,873000,N'Ghế giả mây'),
(N'Bộ ăn 15 sản phẩm hoa Phù Dung',682,823000,N'Bộ ăn 15 sản phẩm hoa Phù Dung'),
(N'Đèn đá',275,205000,N'Đèn đá'),
(N'Sản phẩm sứ dân dụng (đĩa bầu dục)',173,441000,N'Sản phẩm sứ dân dụng (đĩa bầu dục)'),
(N'Sứa Cửa Việt',339,992000,N'Sứa Cửa Việt'),
(N'Cơm cháy chà bông',553,347000,N'Cơm cháy chà bông'),
(N'Bánh hạnh nhân',860,775000,N'Bánh hạnh nhân'),
(N'Củ quả sấy tổng hợp TCTH 200',131,759000,N'Củ quả sấy tổng hợp TCTH 200'),
(N'Nhóm sản phẩm: Sữa chua',715,658000,N'Nhóm sản phẩm: Sữa chua'),
(N'Nước mắm Phan Thiết Mũi Né',191,383000,N'Nước mắm Phan Thiết Mũi Né'),
(N'Tinh dầu hoa hồi',739,226000,N'Tinh dầu hoa hồi'),
(N'Nước tương Magic',151,219000,N'Nước tương Magic'),
(N'Tôm khô ',473,714000,N'Tôm khô '),
(N'Máy nạo vét ao hồ',874,477000,N'Máy nạo vét ao hồ'),
(N'Ống gang thoát nước cầu đường bộ',348,389000,N'Ống gang thoát nước cầu đường bộ'),
(N'Nắp hố ga thoát nước (HOUSING ECO 425)',605,229000,N'Nắp hố ga thoát nước (HOUSING ECO 425)'),
(N'Pat Caraka (Patk-1400)',980,475000,N'Pat Caraka (Patk-1400)'),
(N'Cụm SP trang bị tàu đánh bắt xa bờ',479,106000,N'Cụm SP trang bị tàu đánh bắt xa bờ')



;
Delete from hoadon; insert into hoadon(ngaymua,makh,trangthai) values 
('2016/6/22',N'KH0027',N'Đã trả'),
('2016/4/28',N'KH0017',N'chưa trả'),
('2017/5/25',N'KH0014',N'Đã trả'),
('2017/11/21',N'KH0011',N'Đã trả'),
('2017/2/24',N'KH0006',N'Đã trả'),
('2017/4/14',N'KH0020',N'Đã trả'),
('2016/11/12',N'KH0022',N'Đã trả'),
('2017/2/13',N'KH0026',N'Đã trả'),
('2017/4/22',N'KH0017',N'chưa trả'),
('2016/4/28',N'KH0007',N'Đã trả'),
('2017/4/28',N'KH0020',N'chưa trả'),
('2017/11/1',N'KH0003',N'Đã trả'),
('2016/7/15',N'KH0015',N'Đã trả'),
('2016/12/30',N'KH0007',N'Đã trả'),
('2017/6/12',N'KH0002',N'chưa trả'),
('2017/3/27',N'KH0024',N'Đã trả'),
('2017/1/31',N'KH0018',N'Đã trả'),
('2017/9/9',N'KH0009',N'chưa trả'),
('2016/1/21',N'KH0002',N'Đã trả'),
('2017/5/9',N'KH0001',N'chưa trả'),
('2016/9/24',N'KH0005',N'chưa trả'),
('2017/10/6',N'KH0013',N'chưa trả'),
('2016/5/23',N'KH0020',N'Đã trả'),
('2017/10/29',N'KH0008',N'chưa trả'),
('2017/10/26',N'KH0012',N'Đã trả'),
('2017/12/28',N'KH0014',N'Đã trả'),
('2016/1/8',N'KH0025',N'chưa trả'),
('2017/3/30',N'KH0009',N'chưa trả'),
('2016/3/5',N'KH0004',N'chưa trả'),
('2017/2/6',N'KH0021',N'Đã trả'),
('2017/6/26',N'KH0027',N'chưa trả'),
('2017/7/9',N'KH0028',N'Đã trả'),
('2017/9/18',N'KH0008',N'chưa trả'),
('2016/4/24',N'KH0025',N'chưa trả'),
('2016/11/9',N'KH0008',N'chưa trả'),
('2016/11/6',N'KH0022',N'chưa trả'),
('2018/1/23',N'KH0017',N'chưa trả'),
('2017/3/23',N'KH0007',N'chưa trả'),
('2018/1/15',N'KH0027',N'Đã trả'),
('2018/1/6',N'KH0023',N'chưa trả'),
('2017/8/4',N'KH0008',N'chưa trả'),
('2016/10/21',N'KH0016',N'Đã trả'),
('2017/1/21',N'KH0001',N'chưa trả'),
('2017/1/1',N'KH0023',N'Đã trả'),
('2017/2/28',N'KH0011',N'chưa trả'),
('2016/5/24',N'KH0011',N'Đã trả'),
('2016/1/26',N'KH0017',N'chưa trả'),
('2016/6/23',N'KH0024',N'Đã trả'),
('2017/10/5',N'KH0021',N'chưa trả'),
('2017/9/8',N'KH0017',N'chưa trả'),
('2016/10/19',N'KH0001',N'Đã trả'),
('2016/9/11',N'KH0017',N'chưa trả'),
('2016/7/2',N'KH0014',N'Đã trả'),
('2018/1/2',N'KH0011',N'chưa trả'),
('2017/12/24',N'KH0020',N'chưa trả'),
('2018/1/11',N'KH0015',N'Đã trả'),
('2017/4/14',N'KH0007',N'chưa trả'),
('2016/2/11',N'KH0006',N'Đã trả'),
('2017/11/17',N'KH0008',N'chưa trả'),
('2017/9/7',N'KH0016',N'chưa trả'),
('2016/10/18',N'KH0007',N'chưa trả'),
('2017/8/18',N'KH0014',N'Đã trả'),
('2016/4/16',N'KH0009',N'chưa trả'),
('2017/2/25',N'KH0027',N'chưa trả'),
('2017/9/17',N'KH0011',N'Đã trả'),
('2017/8/29',N'KH0003',N'chưa trả'),
('2016/4/29',N'KH0002',N'chưa trả'),
('2017/7/19',N'KH0024',N'chưa trả'),
('2016/8/9',N'KH0006',N'chưa trả'),
('2017/11/8',N'KH0027',N'Đã trả'),
('2017/6/11',N'KH0016',N'chưa trả'),
('2017/2/7',N'KH0013',N'chưa trả'),
('2017/11/24',N'KH0014',N'chưa trả'),
('2017/3/23',N'KH0014',N'Đã trả'),
('2017/10/16',N'KH0017',N'Đã trả'),
('2016/1/4',N'KH0009',N'Đã trả'),
('2017/2/24',N'KH0023',N'chưa trả'),
('2017/5/10',N'KH0014',N'chưa trả'),
('2017/9/20',N'KH0028',N'chưa trả'),
('2017/9/17',N'KH0020',N'Đã trả'),
('2018/1/14',N'KH0021',N'Đã trả'),
('2016/2/27',N'KH0025',N'chưa trả'),
('2017/12/4',N'KH0011',N'chưa trả'),
('2017/5/17',N'KH0012',N'Đã trả'),
('2017/2/19',N'KH0023',N'chưa trả'),
('2016/6/2',N'KH0021',N'chưa trả'),
('2017/6/26',N'KH0018',N'chưa trả'),
('2016/7/28',N'KH0013',N'chưa trả'),
('2016/10/23',N'KH0026',N'Đã trả'),
('2016/6/1',N'KH0027',N'Đã trả'),
('2016/12/11',N'KH0006',N'Đã trả'),
('2017/7/4',N'KH0020',N'Đã trả'),
('2016/2/12',N'KH0014',N'chưa trả'),
('2017/7/1',N'KH0027',N'chưa trả'),
('2017/1/27',N'KH0024',N'chưa trả'),
('2016/2/23',N'KH0016',N'chưa trả'),
('2017/2/24',N'KH0011',N'Đã trả'),
('2017/2/13',N'KH0022',N'chưa trả'),
('2016/9/24',N'KH0005',N'chưa trả'),
('2016/12/12',N'KH0024',N'Đã trả'),
('2017/11/20',N'KH0022',N'chưa trả'),
('2017/5/22',N'KH0025',N'chưa trả'),
('2017/5/3',N'KH0026',N'chưa trả'),
('2016/5/2',N'KH0025',N'Đã trả'),
('2017/8/18',N'KH0001',N'chưa trả'),
('2017/4/6',N'KH0024',N'chưa trả'),
('2016/3/16',N'KH0024',N'Đã trả'),
('2016/9/28',N'KH0018',N'chưa trả'),
('2016/4/20',N'KH0021',N'chưa trả'),
('2017/7/11',N'KH0027',N'chưa trả'),
('2016/5/21',N'KH0009',N'Đã trả'),
('2016/10/28',N'KH0012',N'chưa trả'),
('2016/7/28',N'KH0028',N'chưa trả'),
('2016/10/24',N'KH0016',N'chưa trả'),
('2017/7/28',N'KH0022',N'Đã trả'),
('2017/7/21',N'KH0002',N'chưa trả'),
('2016/6/18',N'KH0013',N'chưa trả'),
('2017/8/29',N'KH0015',N'chưa trả'),
('2016/5/25',N'KH0018',N'Đã trả'),
('2017/5/13',N'KH0017',N'Đã trả'),
('2017/8/24',N'KH0025',N'Đã trả'),
('2017/8/14',N'KH0022',N'chưa trả'),
('2017/9/19',N'KH0012',N'chưa trả'),
('2017/4/2',N'KH0017',N'Đã trả'),
('2016/8/30',N'KH0020',N'chưa trả'),
('2017/3/17',N'KH0008',N'chưa trả'),
('2017/10/26',N'KH0019',N'Đã trả'),
('2016/11/7',N'KH0005',N'chưa trả'),
('2016/3/22',N'KH0024',N'chưa trả'),
('2017/12/29',N'KH0011',N'Đã trả'),
('2016/4/10',N'KH0017',N'chưa trả'),
('2016/10/25',N'KH0010',N'chưa trả'),
('2017/1/14',N'KH0011',N'Đã trả'),
('2016/4/10',N'KH0017',N'Đã trả'),
('2018/1/10',N'KH0027',N'chưa trả'),
('2016/6/24',N'KH0010',N'Đã trả'),
('2017/10/23',N'KH0003',N'Đã trả'),
('2017/7/2',N'KH0001',N'Đã trả'),
('2017/10/6',N'KH0013',N'chưa trả'),
('2017/6/10',N'KH0017',N'Đã trả'),
('2016/4/12',N'KH0005',N'chưa trả'),
('2016/10/17',N'KH0009',N'Đã trả'),
('2016/6/29',N'KH0024',N'chưa trả'),
('2017/6/4',N'KH0014',N'chưa trả'),
('2016/1/25',N'KH0009',N'chưa trả'),
('2016/1/2',N'KH0023',N'chưa trả'),
('2016/9/13',N'KH0006',N'chưa trả'),
('2017/5/30',N'KH0015',N'chưa trả'),
('2016/1/20',N'KH0005',N'Đã trả'),
('2017/6/18',N'KH0015',N'chưa trả'),
('2017/6/8',N'KH0022',N'chưa trả'),
('2017/7/15',N'KH0026',N'Đã trả'),
('2017/5/30',N'KH0002',N'Đã trả'),
('2017/10/16',N'KH0002',N'Đã trả'),
('2016/6/23',N'KH0025',N'chưa trả'),
('2016/11/16',N'KH0023',N'Đã trả'),
('2017/7/19',N'KH0009',N'Đã trả'),
('2017/10/7',N'KH0028',N'chưa trả'),
('2017/11/21',N'KH0022',N'Đã trả'),
('2016/4/8',N'KH0013',N'Đã trả'),
('2016/9/28',N'KH0027',N'chưa trả'),
('2017/10/20',N'KH0018',N'chưa trả'),
('2016/9/24',N'KH0027',N'chưa trả'),
('2016/11/20',N'KH0002',N'chưa trả'),
('2017/1/27',N'KH0017',N'Đã trả'),
('2018/1/18',N'KH0015',N'Đã trả'),
('2017/3/9',N'KH0017',N'chưa trả'),
('2016/5/4',N'KH0026',N'chưa trả'),
('2017/3/17',N'KH0011',N'chưa trả'),
('2017/4/16',N'KH0024',N'chưa trả'),
('2018/1/14',N'KH0019',N'Đã trả'),
('2017/11/11',N'KH0016',N'chưa trả'),
('2016/8/14',N'KH0011',N'Đã trả'),
('2016/2/6',N'KH0009',N'Đã trả'),
('2017/5/21',N'KH0023',N'chưa trả'),
('2017/6/19',N'KH0024',N'chưa trả'),
('2017/8/31',N'KH0006',N'Đã trả'),
('2015/12/29',N'KH0014',N'Đã trả'),
('2016/9/12',N'KH0015',N'Đã trả'),
('2017/11/1',N'KH0011',N'Đã trả'),
('2018/1/25',N'KH0021',N'chưa trả'),
('2016/9/7',N'KH0016',N'chưa trả'),
('2016/4/17',N'KH0019',N'Đã trả'),
('2017/8/31',N'KH0023',N'Đã trả'),
('2017/5/4',N'KH0001',N'chưa trả'),
('2016/11/16',N'KH0008',N'Đã trả'),
('2016/3/27',N'KH0026',N'Đã trả'),
('2017/3/30',N'KH0028',N'chưa trả'),
('2017/4/7',N'KH0007',N'Đã trả'),
('2017/9/1',N'KH0007',N'Đã trả'),
('2016/10/9',N'KH0012',N'chưa trả'),
('2017/3/14',N'KH0011',N'Đã trả'),
('2017/3/22',N'KH0027',N'Đã trả'),
('2016/5/20',N'KH0003',N'chưa trả'),
('2017/3/3',N'KH0003',N'chưa trả'),
('2018/1/29',N'KH0009',N'chưa trả'),
('2016/8/19',N'KH0016',N'chưa trả'),
('2016/12/5',N'KH0017',N'Đã trả'),
('2016/3/16',N'KH0026',N'Đã trả'),
('2016/4/24',N'KH0018',N'chưa trả'),
('2017/1/15',N'KH0001',N'Đã trả'),
('2016/9/22',N'KH0001',N'Đã trả'),
('2016/5/4',N'KH0011',N'Đã trả'),
('2016/8/5',N'KH0025',N'Đã trả'),
('2017/6/15',N'KH0019',N'chưa trả'),
('2017/4/17',N'KH0028',N'Đã trả'),
('2017/8/8',N'KH0017',N'Đã trả'),
('2017/8/22',N'KH0013',N'Đã trả'),
('2016/7/20',N'KH0009',N'Đã trả'),
('2016/11/2',N'KH0019',N'Đã trả'),
('2017/6/29',N'KH0018',N'Đã trả'),
('2016/10/3',N'KH0020',N'chưa trả'),
('2016/12/29',N'KH0004',N'chưa trả'),
('2017/6/29',N'KH0028',N'chưa trả'),
('2017/10/27',N'KH0012',N'chưa trả'),
('2016/9/14',N'KH0023',N'Đã trả'),
('2016/3/30',N'KH0002',N'Đã trả'),
('2016/12/23',N'KH0011',N'chưa trả'),
('2017/10/2',N'KH0016',N'chưa trả'),
('2017/6/4',N'KH0004',N'chưa trả'),
('2017/12/17',N'KH0015',N'Đã trả'),
('2017/6/13',N'KH0018',N'chưa trả'),
('2016/6/23',N'KH0027',N'chưa trả'),
('2017/7/29',N'KH0004',N'Đã trả'),
('2016/2/13',N'KH0024',N'Đã trả'),
('2017/8/17',N'KH0005',N'chưa trả'),
('2016/10/30',N'KH0015',N'Đã trả'),
('2017/2/19',N'KH0008',N'Đã trả'),
('2017/2/19',N'KH0007',N'Đã trả'),
('2016/6/16',N'KH0010',N'Đã trả'),
('2016/6/11',N'KH0002',N'Đã trả'),
('2017/4/27',N'KH0025',N'chưa trả'),
('2016/2/5',N'KH0012',N'chưa trả'),
('2016/5/11',N'KH0024',N'chưa trả'),
('2016/11/4',N'KH0027',N'chưa trả'),
('2017/3/11',N'KH0024',N'chưa trả'),
('2018/1/25',N'KH0024',N'Đã trả'),
('2017/10/11',N'KH0003',N'chưa trả'),
('2017/5/10',N'KH0004',N'Đã trả'),
('2017/12/26',N'KH0001',N'Đã trả'),
('2016/10/6',N'KH0024',N'Đã trả'),
('2016/6/24',N'KH0010',N'Đã trả'),
('2017/5/27',N'KH0027',N'chưa trả'),
('2016/11/19',N'KH0012',N'chưa trả'),
('2016/3/27',N'KH0024',N'chưa trả'),
('2016/2/20',N'KH0010',N'chưa trả'),
('2016/12/23',N'KH0005',N'chưa trả'),
('2017/11/12',N'KH0021',N'chưa trả'),
('2016/3/3',N'KH0020',N'Đã trả'),
('2017/6/3',N'KH0012',N'Đã trả'),
('2017/9/14',N'KH0025',N'Đã trả'),
('2017/7/15',N'KH0015',N'chưa trả'),
('2017/2/17',N'KH0008',N'chưa trả'),
('2017/3/31',N'KH0005',N'chưa trả'),
('2017/5/30',N'KH0003',N'Đã trả'),
('2016/8/13',N'KH0018',N'Đã trả'),
('2016/9/23',N'KH0012',N'Đã trả'),
('2017/3/11',N'KH0011',N'Đã trả'),
('2016/12/17',N'KH0023',N'chưa trả'),
('2016/4/16',N'KH0009',N'Đã trả'),
('2018/1/24',N'KH0023',N'Đã trả'),
('2018/1/29',N'KH0007',N'Đã trả'),
('2017/4/12',N'KH0006',N'Đã trả'),
('2016/12/8',N'KH0014',N'chưa trả'),
('2016/4/29',N'KH0019',N'chưa trả'),
('2016/3/29',N'KH0020',N'Đã trả'),
('2016/11/22',N'KH0014',N'Đã trả'),
('2017/3/28',N'KH0016',N'chưa trả'),
('2017/7/1',N'KH0010',N'chưa trả'),
('2016/11/17',N'KH0010',N'Đã trả'),
('2016/5/26',N'KH0009',N'Đã trả'),
('2017/8/19',N'KH0010',N'chưa trả'),
('2016/10/23',N'KH0019',N'Đã trả'),
('2017/4/6',N'KH0018',N'Đã trả'),
('2017/4/22',N'KH0024',N'chưa trả'),
('2017/6/21',N'KH0017',N'Đã trả'),
('2016/11/21',N'KH0002',N'chưa trả'),
('2016/10/3',N'KH0012',N'chưa trả'),
('2016/2/22',N'KH0008',N'Đã trả'),
('2016/11/11',N'KH0006',N'chưa trả'),
('2016/2/14',N'KH0021',N'chưa trả'),
('2017/2/7',N'KH0004',N'Đã trả'),
('2017/5/6',N'KH0017',N'chưa trả'),
('2016/4/8',N'KH0022',N'Đã trả'),
('2017/1/20',N'KH0010',N'Đã trả'),
('2016/5/21',N'KH0020',N'chưa trả'),
('2015/12/31',N'KH0001',N'chưa trả'),
('2016/10/4',N'KH0026',N'chưa trả'),
('2017/5/15',N'KH0026',N'chưa trả'),
('2017/10/8',N'KH0002',N'Đã trả'),
('2016/4/23',N'KH0002',N'chưa trả'),
('2017/12/25',N'KH0021',N'chưa trả'),
('2016/9/29',N'KH0027',N'chưa trả'),
('2017/8/21',N'KH0012',N'Đã trả'),
('2017/2/16',N'KH0017',N'Đã trả'),
('2017/1/12',N'KH0018',N'Đã trả'),
('2016/4/13',N'KH0001',N'Đã trả'),
('2016/4/18',N'KH0011',N'Đã trả'),
('2016/6/13',N'KH0003',N'Đã trả'),
('2017/11/11',N'KH0010',N'Đã trả'),
('2016/8/9',N'KH0025',N'chưa trả'),
('2018/1/30',N'KH0028',N'chưa trả'),
('2016/3/24',N'KH0013',N'chưa trả'),
('2016/11/3',N'KH0020',N'Đã trả'),
('2016/6/18',N'KH0005',N'Đã trả'),
('2016/8/6',N'KH0015',N'Đã trả'),
('2016/6/26',N'KH0020',N'chưa trả'),
('2017/11/29',N'KH0004',N'Đã trả'),
('2017/2/2',N'KH0013',N'Đã trả'),
('2016/10/26',N'KH0023',N'chưa trả'),
('2016/3/9',N'KH0011',N'Đã trả'),
('2016/12/5',N'KH0009',N'Đã trả'),
('2017/7/6',N'KH0007',N'chưa trả'),
('2018/1/30',N'KH0016',N'chưa trả'),
('2017/1/23',N'KH0017',N'chưa trả'),
('2016/10/20',N'KH0016',N'Đã trả'),
('2017/12/21',N'KH0010',N'chưa trả'),
('2017/6/21',N'KH0026',N'Đã trả'),
('2016/9/22',N'KH0022',N'Đã trả'),
('2016/3/11',N'KH0028',N'Đã trả'),
('2016/2/11',N'KH0024',N'Đã trả'),
('2017/7/21',N'KH0005',N'Đã trả'),
('2016/12/16',N'KH0019',N'chưa trả'),
('2017/11/27',N'KH0016',N'Đã trả'),
('2016/4/8',N'KH0020',N'chưa trả'),
('2017/1/16',N'KH0025',N'chưa trả'),
('2017/8/29',N'KH0014',N'Đã trả'),
('2017/10/23',N'KH0002',N'chưa trả'),
('2016/11/5',N'KH0022',N'chưa trả'),
('2016/8/12',N'KH0007',N'chưa trả'),
('2017/10/25',N'KH0005',N'chưa trả'),
('2017/1/25',N'KH0026',N'chưa trả'),
('2017/8/25',N'KH0020',N'chưa trả'),
('2016/3/18',N'KH0002',N'chưa trả'),
('2016/8/3',N'KH0007',N'chưa trả'),
('2016/1/7',N'KH0020',N'chưa trả'),
('2017/3/31',N'KH0006',N'chưa trả'),
('2017/2/5',N'KH0017',N'Đã trả'),
('2016/10/25',N'KH0022',N'chưa trả'),
('2016/2/25',N'KH0024',N'chưa trả'),
('2018/1/25',N'KH0018',N'chưa trả'),
('2016/8/2',N'KH0010',N'chưa trả'),
('2016/11/2',N'KH0028',N'Đã trả'),
('2017/6/6',N'KH0013',N'Đã trả'),
('2016/9/13',N'KH0010',N'Đã trả'),
('2017/9/5',N'KH0017',N'Đã trả'),
('2016/12/19',N'KH0025',N'chưa trả'),
('2016/9/4',N'KH0015',N'chưa trả'),
('2017/11/14',N'KH0027',N'chưa trả'),
('2017/10/20',N'KH0005',N'Đã trả'),
('2016/3/23',N'KH0025',N'Đã trả'),
('2016/10/21',N'KH0028',N'chưa trả'),
('2017/4/5',N'KH0008',N'Đã trả'),
('2016/4/3',N'KH0020',N'chưa trả'),
('2016/7/21',N'KH0007',N'Đã trả'),
('2017/6/15',N'KH0009',N'Đã trả'),
('2016/4/21',N'KH0006',N'Đã trả'),
('2016/10/8',N'KH0016',N'Đã trả'),
('2016/11/11',N'KH0001',N'Đã trả'),
('2016/4/4',N'KH0006',N'chưa trả'),
('2018/1/25',N'KH0011',N'Đã trả'),
('2018/1/6',N'KH0017',N'chưa trả'),
('2016/1/1',N'KH0026',N'chưa trả'),
('2017/10/13',N'KH0027',N'chưa trả'),
('2017/2/18',N'KH0019',N'chưa trả'),
('2017/3/13',N'KH0012',N'Đã trả'),
('2016/8/26',N'KH0023',N'chưa trả'),
('2016/10/14',N'KH0018',N'Đã trả'),
('2017/1/3',N'KH0012',N'chưa trả'),
('2017/12/21',N'KH0024',N'chưa trả'),
('2016/11/18',N'KH0024',N'Đã trả'),
('2016/4/14',N'KH0004',N'Đã trả'),
('2016/10/3',N'KH0010',N'chưa trả'),
('2017/5/31',N'KH0002',N'Đã trả'),
('2017/12/26',N'KH0015',N'Đã trả'),
('2016/4/7',N'KH0013',N'Đã trả'),
('2017/10/24',N'KH0001',N'chưa trả'),
('2016/9/26',N'KH0008',N'Đã trả'),
('2017/4/13',N'KH0025',N'chưa trả'),
('2016/8/12',N'KH0019',N'chưa trả'),
('2016/7/28',N'KH0012',N'chưa trả'),
('2017/8/22',N'KH0016',N'chưa trả'),
('2016/11/29',N'KH0015',N'Đã trả'),
('2016/4/29',N'KH0009',N'Đã trả'),
('2017/3/25',N'KH0006',N'chưa trả'),
('2017/9/16',N'KH0006',N'Đã trả'),
('2016/1/14',N'KH0021',N'Đã trả'),
('2016/9/9',N'KH0010',N'Đã trả'),
('2017/8/23',N'KH0025',N'Đã trả'),
('2018/1/14',N'KH0006',N'Đã trả'),
('2017/5/26',N'KH0011',N'Đã trả'),
('2016/11/2',N'KH0024',N'Đã trả'),
('2016/3/20',N'KH0019',N'Đã trả'),
('2016/2/1',N'KH0009',N'chưa trả'),
('2017/12/25',N'KH0020',N'chưa trả'),
('2017/8/13',N'KH0011',N'Đã trả'),
('2016/5/28',N'KH0011',N'Đã trả'),
('2017/4/9',N'KH0011',N'Đã trả'),
('2017/2/27',N'KH0010',N'chưa trả'),
('2016/6/14',N'KH0027',N'Đã trả'),
('2016/10/5',N'KH0012',N'chưa trả'),
('2017/1/19',N'KH0013',N'Đã trả'),
('2017/12/16',N'KH0026',N'chưa trả'),
('2018/1/30',N'KH0024',N'Đã trả'),
('2017/8/10',N'KH0028',N'Đã trả'),
('2016/7/28',N'KH0009',N'chưa trả'),
('2017/11/12',N'KH0014',N'Đã trả'),
('2016/7/21',N'KH0004',N'chưa trả'),
('2016/1/16',N'KH0023',N'Đã trả'),
('2017/8/13',N'KH0022',N'Đã trả'),
('2017/6/8',N'KH0008',N'Đã trả'),
('2016/10/2',N'KH0008',N'chưa trả'),
('2017/6/27',N'KH0028',N'chưa trả'),
('2017/10/18',N'KH0022',N'chưa trả'),
('2016/10/31',N'KH0021',N'Đã trả'),
('2017/4/12',N'KH0026',N'chưa trả'),
('2017/7/17',N'KH0004',N'Đã trả'),
('2016/8/18',N'KH0016',N'Đã trả'),
('2016/8/1',N'KH0028',N'chưa trả'),
('2016/4/7',N'KH0022',N'chưa trả'),
('2018/1/10',N'KH0020',N'Đã trả'),
('2015/12/30',N'KH0004',N'chưa trả'),
('2016/4/25',N'KH0012',N'Đã trả'),
('2016/9/13',N'KH0001',N'chưa trả'),
('2017/1/7',N'KH0011',N'chưa trả'),
('2017/11/22',N'KH0026',N'chưa trả'),
('2017/7/13',N'KH0010',N'Đã trả'),
('2017/5/13',N'KH0021',N'chưa trả'),
('2016/12/20',N'KH0003',N'Đã trả'),
('2016/8/21',N'KH0005',N'Đã trả'),
('2016/9/8',N'KH0019',N'chưa trả'),
('2017/11/6',N'KH0003',N'chưa trả'),
('2017/4/21',N'KH0027',N'Đã trả'),
('2016/6/23',N'KH0022',N'chưa trả'),
('2016/3/9',N'KH0007',N'Đã trả'),
('2017/2/22',N'KH0026',N'chưa trả'),
('2016/10/17',N'KH0017',N'Đã trả'),
('2016/4/1',N'KH0008',N'chưa trả'),
('2016/6/11',N'KH0011',N'Đã trả'),
('2017/6/26',N'KH0014',N'chưa trả'),
('2016/7/25',N'KH0014',N'chưa trả'),
('2017/5/10',N'KH0006',N'Đã trả'),
('2016/4/19',N'KH0024',N'Đã trả'),
('2016/10/16',N'KH0026',N'Đã trả'),
('2016/2/19',N'KH0027',N'chưa trả'),
('2016/10/8',N'KH0027',N'Đã trả'),
('2016/1/9',N'KH0003',N'Đã trả'),
('2016/1/15',N'KH0014',N'Đã trả'),
('2017/3/13',N'KH0011',N'chưa trả'),
('2016/1/8',N'KH0015',N'chưa trả'),
('2017/4/20',N'KH0027',N'chưa trả'),
('2016/2/25',N'KH0001',N'Đã trả'),
('2016/4/28',N'KH0020',N'Đã trả'),
('2017/12/10',N'KH0004',N'Đã trả'),
('2017/11/14',N'KH0009',N'Đã trả'),
('2017/8/18',N'KH0001',N'Đã trả'),
('2016/7/10',N'KH0028',N'Đã trả'),
('2016/2/23',N'KH0013',N'Đã trả'),
('2016/10/21',N'KH0006',N'chưa trả'),
('2017/2/15',N'KH0027',N'chưa trả'),
('2017/1/5',N'KH0013',N'Đã trả'),
('2017/11/23',N'KH0024',N'Đã trả'),
('2016/8/9',N'KH0019',N'Đã trả'),
('2018/1/4',N'KH0010',N'chưa trả'),
('2017/1/10',N'KH0013',N'chưa trả'),
('2016/12/27',N'KH0010',N'chưa trả'),
('2017/1/14',N'KH0004',N'Đã trả'),
('2016/6/27',N'KH0003',N'chưa trả'),
('2016/9/1',N'KH0024',N'Đã trả'),
('2017/12/15',N'KH0007',N'Đã trả'),
('2016/1/12',N'KH0006',N'chưa trả'),
('2017/4/17',N'KH0027',N'chưa trả'),
('2017/6/2',N'KH0022',N'Đã trả'),
('2017/11/22',N'KH0015',N'chưa trả'),
('2016/11/4',N'KH0020',N'Đã trả'),
('2017/3/24',N'KH0019',N'chưa trả'),
('2017/3/20',N'KH0011',N'Đã trả'),
('2017/5/19',N'KH0020',N'chưa trả')




;

Delete from hoadonchitiet;
insert into hoadonchitiet(masp,soluong,mahd) values 
(49,81,436),
(39,71,87),
(70,97,141),
(73,40,414),
(70,32,330),
(35,20,102),
(29,9,298),
(31,39,80),
(62,5,237),
(29,43,218),
(12,21,249),
(43,23,278),
(50,97,1),
(30,45,420),
(45,73,252),
(100,89,227),
(70,5,433),
(99,61,301),
(27,93,388),
(38,62,294),
(39,11,375),
(44,45,376),
(16,33,442),
(48,98,4),
(15,17,185),
(54,58,251),
(10,59,195),
(82,33,269),
(2,70,369),
(1,33,423),
(38,7,455),
(77,38,468),
(16,22,318),
(26,79,26),
(89,73,36),
(31,19,409),
(85,34,170),
(76,88,189),
(91,16,152),
(89,49,234),
(20,100,350),
(73,82,375),
(53,69,395),
(23,3,368),
(94,20,262),
(12,56,296),
(2,78,394),
(55,43,428),
(9,44,449),
(39,45,325),
(53,3,232),
(5,56,429),
(49,23,267),
(51,80,133),
(15,91,308),
(39,18,271),
(100,7,407),
(82,2,108),
(2,98,40),
(47,1,327),
(79,8,30),
(70,58,380),
(75,71,217),
(99,81,466),
(69,82,223),
(18,22,45),
(46,90,466),
(9,36,475),
(7,13,150),
(55,12,286),
(93,21,120),
(70,12,96),
(48,20,136),
(26,51,388),
(35,13,107),
(62,100,444),
(23,48,172),
(38,36,329),
(46,52,383),
(4,5,405),
(33,5,68),
(55,21,221),
(35,92,26),
(49,82,457),
(63,1,9),
(30,8,440),
(7,13,283),
(20,89,174),
(72,41,137),
(49,69,38),
(32,85,389),
(14,20,25),
(27,43,137),
(54,78,319),
(72,92,86),
(96,33,197),
(17,41,463),
(23,32,145),
(3,75,367),
(51,35,176),
(72,97,106),
(45,36,351),
(70,66,409),
(96,81,187),
(50,74,262),
(29,32,337),
(58,2,80),
(80,45,427),
(27,46,249),
(62,24,192),
(56,38,268),
(46,25,276),
(51,12,445),
(39,32,155),
(81,23,42),
(32,42,357),
(77,5,173),
(51,77,45),
(56,10,37),
(52,87,23),
(10,74,91),
(55,49,425),
(98,40,193),
(18,33,14),
(93,62,454),
(47,39,388),
(67,27,148),
(85,50,326),
(27,48,424),
(91,19,161),
(47,65,73),
(82,75,300),
(48,79,254),
(8,19,311),
(72,33,37),
(12,72,123),
(7,73,422),
(39,47,222),
(10,45,349),
(37,89,92),
(27,100,315),
(36,11,103),
(67,24,183),
(9,46,419),
(69,39,148),
(70,84,272),
(61,8,350),
(81,1,147),
(91,51,106),
(8,91,223),
(26,55,102),
(98,3,126),
(40,48,22),
(95,83,366),
(73,48,232),
(13,23,333),
(20,49,440),
(91,71,185),
(92,85,235),
(78,35,123),
(42,48,181),
(71,41,32),
(96,31,178),
(73,15,62),
(49,13,133),
(26,79,157),
(81,15,348),
(84,56,176),
(41,43,32),
(93,89,117),
(43,85,378),
(87,94,357),
(2,55,128),
(12,24,329),
(69,15,158),
(78,38,329),
(56,97,370),
(51,29,363),
(99,72,278),
(59,2,102),
(91,94,141),
(45,31,202),
(30,2,365),
(12,85,345),
(65,3,271),
(98,94,333),
(45,85,305),
(14,34,8),
(27,67,353),
(2,20,340),
(30,33,337),
(13,18,320),
(69,77,178),
(52,44,272),
(80,88,102),
(17,58,394),
(49,14,463),
(85,9,373),
(87,23,34),
(8,63,475),
(15,31,164),
(47,87,64),
(23,68,46),
(46,29,462),
(96,15,191),
(85,90,106),
(35,38,465),
(8,49,66),
(36,70,16),
(41,23,448),
(68,84,291),
(5,43,205),
(58,89,218),
(12,67,404),
(72,50,94),
(36,35,445),
(85,12,108),
(46,45,468),
(10,100,444),
(95,44,258),
(39,75,412),
(43,38,69),
(30,94,227),
(60,68,227),
(47,40,317),
(89,70,17),
(26,71,38),
(23,65,11),
(89,53,280),
(92,50,83),
(62,9,417),
(30,10,450),
(31,23,470),
(4,21,125),
(80,49,28),
(51,51,455),
(48,24,131),
(77,40,108),
(10,59,191),
(83,30,34),
(31,25,300),
(56,48,230),
(92,79,236),
(47,54,390),
(93,49,112),
(27,75,130),
(1,11,50),
(77,20,327),
(37,59,124),
(54,92,250),
(32,60,145),
(47,53,103),
(33,37,206),
(64,91,78),
(79,90,139),
(27,12,476),
(24,25,356),
(1,40,108),
(97,63,145),
(52,35,293),
(58,87,114),
(54,1,66),
(10,47,209),
(52,95,349),
(67,60,88),
(17,57,356),
(75,22,388),
(54,44,33),
(3,45,472),
(87,25,256),
(81,40,393),
(74,60,432),
(3,69,365),
(62,29,243),
(35,2,325),
(62,78,328),
(69,45,8),
(24,44,265),
(24,4,389),
(13,63,43),
(56,44,125),
(24,37,87),
(68,18,472),
(9,91,227),
(62,60,140),
(3,5,420),
(1,73,93),
(23,23,15),
(31,94,76),
(58,64,419),
(75,17,221),
(22,15,322),
(34,5,126),
(58,6,337),
(18,66,41),
(32,62,449),
(1,25,124),
(82,8,420),
(91,70,168),
(4,46,81),
(69,78,162),
(42,90,162),
(16,4,327),
(26,11,110),
(83,81,117),
(35,76,15),
(56,66,336),
(61,61,126),
(69,27,236),
(93,20,447),
(49,47,357),
(40,27,248),
(28,59,318),
(85,14,99),
(79,64,184),
(15,74,331),
(78,58,418),
(89,81,318),
(77,20,415),
(74,6,173),
(5,33,396),
(58,69,92),
(34,22,410),
(45,78,432),
(9,59,86),
(50,96,432),
(58,37,308),
(86,92,57),
(57,84,78),
(61,61,132),
(29,87,283),
(74,94,237),
(82,21,353),
(11,5,339),
(58,76,27),
(92,100,291),
(36,71,303),
(83,29,419),
(68,78,388),
(1,52,354),
(11,41,364),
(10,94,285),
(58,56,52),
(92,38,173),
(11,50,145),
(39,89,151),
(86,40,72),
(27,74,359),
(7,82,217),
(45,81,45),
(31,51,122),
(27,73,138),
(85,95,282),
(97,100,285),
(60,47,346),
(93,87,457),
(72,65,164),
(90,53,437),
(57,63,188),
(11,1,424),
(68,75,415),
(81,64,467),
(64,51,407),
(81,42,146),
(22,63,438),
(40,82,469),
(52,87,366),
(46,67,124),
(47,90,169),
(82,70,120),
(59,99,463),
(25,13,34),
(68,94,66),
(54,68,333),
(95,38,283),
(97,60,210),
(80,51,32),
(73,94,154),
(76,59,456),
(83,38,28),
(16,18,280),
(37,90,149),
(37,25,296),
(31,77,44),
(99,48,282),
(57,56,357),
(61,25,465),
(87,70,81),
(18,43,23),
(94,33,68),
(5,28,328),
(18,31,119),
(100,45,130),
(84,38,55),
(79,1,97),
(37,62,332),
(54,23,399),
(1,87,320),
(68,60,169),
(25,57,372),
(35,58,253),
(59,30,131),
(30,12,5),
(22,60,75),
(77,98,160),
(81,38,435),
(9,14,397),
(83,84,303),
(44,65,123),
(64,53,3),
(63,88,191),
(12,100,101),
(54,39,212),
(30,3,47),
(97,95,421),
(54,33,61),
(98,48,32),
(31,25,196),
(15,18,9),
(58,48,176),
(71,75,73),
(17,45,65),
(91,60,71),
(89,87,270),
(86,29,342),
(26,52,266),
(6,60,377),
(8,64,143),
(73,10,95),
(80,52,31),
(51,39,149),
(15,57,335),
(75,58,238),
(96,88,257),
(23,33,19),
(16,53,409),
(19,20,240),
(63,43,21),
(68,100,99),
(12,64,191),
(57,19,405),
(86,64,411),
(44,73,41),
(35,35,431),
(67,3,225),
(4,30,54),
(41,34,235),
(41,62,216),
(19,15,168),
(56,57,373),
(74,4,390),
(67,61,446),
(8,40,116),
(63,13,234),
(57,73,179),
(37,14,72),
(27,39,310),
(57,75,367),
(76,45,98),
(11,96,366),
(58,79,71),
(25,30,375),
(92,11,430),
(28,83,305),
(66,86,325),
(16,35,306),
(33,46,112),
(19,18,171),
(80,84,101),
(75,39,211),
(57,21,160),
(38,68,290),
(97,81,438),
(31,4,317),
(38,39,442),
(73,91,78),
(15,63,19),
(24,71,63),
(5,70,320),
(17,83,371),
(52,39,77),
(68,9,164),
(10,78,18),
(90,21,71),
(9,57,204),
(65,61,157),
(86,25,346),
(42,88,161),
(27,8,386),
(16,4,102),
(3,93,254),
(90,19,288),
(41,96,3),
(73,24,415),
(60,63,2),
(85,37,214),
(99,94,455),
(80,15,166),
(16,9,169),
(70,49,270),
(37,45,144),
(40,95,434),
(15,97,391),
(42,7,101),
(18,94,338),
(67,78,235),
(81,25,147),
(43,92,366),
(32,66,190),
(89,69,335),
(85,54,320),
(11,51,182),
(86,31,73),
(31,33,477),
(68,78,297),
(25,16,471),
(95,41,473),
(59,28,240),
(4,49,343),
(51,35,158),
(12,17,259),
(72,55,451),
(93,45,387),
(27,79,17),
(33,62,103),
(78,6,441),
(89,61,147),
(21,4,308),
(13,95,396),
(21,92,40),
(45,24,342),
(50,41,16),
(12,2,306),
(24,14,393),
(18,27,46),
(27,8,121),
(49,89,305),
(19,12,237),
(11,2,83),
(64,1,389),
(38,19,436),
(80,40,37),
(57,57,181),
(100,26,87),
(31,98,222),
(57,64,224),
(93,55,395),
(26,7,395),
(57,48,175),
(53,87,55),
(62,88,246),
(79,5,197),
(10,18,369),
(4,46,374),
(22,70,368),
(54,6,463),
(22,15,185),
(57,64,463),
(99,40,157),
(14,74,3),
(34,51,206),
(86,36,365),
(72,55,311),
(96,6,455),
(21,13,197),
(32,47,261),
(94,78,477),
(88,50,312),
(25,63,231),
(23,26,291),
(16,17,177),
(35,80,447),
(86,62,239),
(40,51,175),
(52,7,327),
(28,30,317),
(39,96,450),
(18,93,196),
(44,73,22),
(29,35,114),
(32,32,126),
(100,83,148),
(31,13,109),
(92,56,150),
(43,69,405),
(29,83,104),
(1,56,56),
(93,84,372),
(74,18,191),
(84,31,326),
(99,53,75),
(20,98,99),
(46,17,188),
(54,25,407),
(75,35,264),
(60,51,388),
(1,66,305),
(81,34,373),
(5,14,285),
(85,30,114),
(71,39,310),
(52,20,212),
(12,4,197),
(64,84,441),
(46,33,96),
(1,36,227),
(4,38,193),
(82,59,134),
(68,14,69),
(47,74,362),
(2,30,474),
(83,65,87),
(64,16,366),
(79,54,59),
(22,51,80),
(42,90,31),
(91,55,313),
(11,59,354),
(34,12,191),
(9,41,265),
(61,29,289),
(46,48,160),
(81,52,419),
(75,21,195),
(97,51,237),
(84,42,87),
(55,87,439),
(53,6,287),
(98,89,410),
(52,78,217),
(50,79,67),
(87,78,412),
(27,23,257),
(36,77,385),
(24,14,237),
(4,17,73),
(1,94,160),
(5,87,221),
(75,67,261),
(90,99,449),
(10,13,30),
(86,91,12),
(21,32,341),
(29,12,390),
(28,86,245),
(95,66,212),
(50,13,301),
(82,29,389),
(14,99,241),
(55,69,266),
(5,35,406),
(54,84,350),
(14,53,400),
(64,52,142),
(98,49,68),
(81,18,368),
(45,87,367),
(24,26,204),
(45,21,120),
(17,20,27),
(12,76,420),
(9,88,176),
(82,89,210),
(34,10,19),
(25,81,304),
(36,27,222),
(47,76,465),
(17,64,141),
(28,89,31),
(78,16,387),
(91,11,217),
(3,96,206),
(81,42,64),
(72,50,51),
(71,24,458),
(45,43,138),
(67,77,50),
(31,65,332),
(63,83,182),
(3,54,106),
(64,21,319),
(82,50,78),
(67,60,312),
(86,30,260),
(34,87,442),
(62,83,50),
(13,86,99),
(100,76,257),
(91,54,475),
(40,73,60),
(85,31,98),
(70,52,231),
(64,27,446),
(37,52,347),
(26,10,226),
(79,100,158),
(28,40,53),
(27,92,417),
(44,87,338),
(35,90,134),
(28,34,259),
(75,54,69),
(13,72,2),
(91,68,127),
(13,40,89),
(77,69,260),
(37,31,427),
(46,74,463),
(2,76,215),
(19,81,448),
(51,78,184),
(33,79,420),
(65,77,297),
(4,15,352),
(2,75,247),
(97,24,229),
(59,64,4),
(58,22,115),
(84,28,349),
(25,6,154),
(46,3,98),
(5,2,373),
(70,11,117),
(97,53,280),
(65,97,391),
(49,65,416),
(38,61,233),
(65,32,80),
(92,67,378),
(86,48,20),
(24,82,321),
(78,88,35),
(20,62,399),
(87,96,220),
(57,19,393),
(62,82,331),
(38,7,315),
(100,29,13),
(23,19,105),
(57,57,198),
(97,51,156),
(93,11,13),
(98,95,60),
(56,61,342),
(89,20,128),
(45,88,42),
(97,53,415),
(71,66,123),
(22,27,125),
(85,79,74),
(17,96,342),
(79,56,49),
(81,96,308),
(48,16,156),
(58,41,216),
(53,99,449),
(66,24,72),
(78,48,375),
(96,90,93),
(47,89,44),
(48,73,338),
(16,93,211),
(13,100,98),
(65,30,396),
(32,71,153),
(72,16,187),
(93,39,73),
(40,20,429),
(59,44,54),
(77,41,103),
(56,14,8),
(46,33,169),
(42,36,368),
(56,39,166),
(81,19,280),
(78,36,47),
(33,64,171),
(47,51,417),
(20,65,313),
(32,88,328),
(13,35,224),
(56,49,360),
(41,23,170),
(49,33,224),
(96,57,169),
(30,31,100),
(74,94,104),
(38,20,310),
(29,18,377),
(25,15,200),
(57,81,309),
(16,22,464),
(32,71,184),
(62,69,340),
(96,5,171),
(17,44,329),
(44,65,240),
(4,52,46),
(54,45,11),
(96,26,59),
(39,34,153),
(43,18,66),
(85,63,427),
(86,16,128),
(53,91,286),
(47,28,419),
(16,96,294),
(24,12,60),
(10,75,412),
(44,75,207),
(33,10,118),
(5,49,326),
(97,15,16),
(80,39,387),
(88,19,21),
(85,52,15),
(95,70,8),
(19,20,229),
(60,15,397),
(37,23,354),
(39,54,222),
(29,53,423),
(69,39,349),
(77,43,462),
(57,55,466),
(92,22,118),
(10,86,34),
(90,94,137),
(49,46,374),
(89,50,250),
(67,32,85),
(26,72,403),
(98,84,362),
(21,33,156),
(76,31,279),
(56,83,314),
(8,55,276),
(85,95,119),
(6,13,413),
(99,27,433),
(38,89,298),
(65,22,14),
(84,60,416),
(56,28,369),
(40,50,431),
(89,61,49),
(83,25,184),
(28,16,419),
(35,72,72),
(14,28,59),
(48,81,337),
(53,56,223),
(53,82,430),
(58,4,261),
(54,67,388),
(24,90,23),
(52,42,271),
(93,65,194),
(16,7,258),
(74,97,437),
(78,63,195),
(57,30,40),
(29,32,415),
(95,96,258),
(21,35,61),
(92,80,214),
(27,9,2),
(82,3,344),
(86,18,473),
(75,33,469),
(70,75,22),
(96,100,437),
(69,26,150),
(3,19,282),
(80,61,254),
(3,18,176),
(53,22,73),
(39,79,474),
(72,4,62),
(29,64,384),
(73,8,381),
(22,44,333),
(82,56,104),
(26,19,390),
(37,8,312),
(45,22,469),
(45,69,259),
(95,39,384),
(60,69,138),
(87,29,84),
(4,98,323),
(94,51,343),
(76,49,179),
(72,3,386),
(88,54,447),
(78,91,26),
(33,45,472),
(83,96,207),
(76,32,191),
(24,68,82),
(81,47,214),
(100,46,24),
(65,39,331),
(95,31,154),
(29,80,404),
(56,8,457),
(60,67,283),
(24,98,231),
(57,100,306),
(95,28,178),
(69,82,32),
(64,31,241),
(96,86,341),
(39,86,421),
(46,1,303),
(15,10,8),
(69,37,276),
(52,15,47),
(33,86,18),
(4,32,132),
(29,88,57),
(88,36,419),
(60,45,223),
(97,53,77),
(11,17,2),
(57,37,312),
(19,97,198),
(64,81,455),
(67,39,138),
(5,51,180),
(42,63,168),
(34,99,91),
(92,24,295),
(19,75,70),
(6,81,54),
(83,78,362),
(89,17,103),
(20,91,305),
(14,2,277),
(79,2,326),
(53,51,378),
(18,96,168),
(95,21,301),
(87,41,231),
(7,69,232),
(6,36,113),
(72,7,169),
(76,15,1),
(65,38,369),
(68,5,72),
(65,28,414),
(17,72,151),
(85,20,218),
(72,15,191),
(1,58,311),
(36,92,464),
(49,73,82),
(45,3,440),
(17,26,152),
(81,7,303),
(71,13,189),
(53,37,290),
(89,20,366),
(2,54,121),
(70,35,389),
(63,54,27),
(70,54,345),
(6,40,431),
(60,45,78),
(33,81,129),
(55,41,189),
(3,56,461),
(87,67,315),
(81,66,167),
(70,84,14),
(81,38,22),
(46,68,21),
(52,46,305),
(78,64,9),
(98,1,94),
(67,36,93),
(7,69,299),
(98,26,327),
(98,50,302),
(51,83,113),
(13,67,57),
(16,24,99),
(89,9,359),
(70,91,241),
(27,14,95),
(93,21,394),
(40,59,477),
(99,18,354),
(65,90,460),
(94,100,396),
(46,14,11),
(23,77,444),
(5,90,357),
(7,61,199),
(22,13,135),
(20,79,336),
(20,35,344),
(89,51,248),
(79,27,345),
(25,41,295),
(75,58,341),
(77,4,287),
(80,61,331),
(4,51,345),
(72,79,178),
(76,58,393),
(80,74,108),
(54,93,176),
(71,92,322),
(42,82,187),
(27,16,180),
(74,63,329),
(23,80,199),
(74,45,94),
(7,10,452),
(17,63,283),
(46,16,138),
(65,30,416),
(42,75,432),
(54,36,390),
(38,21,107),
(27,100,195),
(91,23,104),
(61,23,157),
(43,21,60),
(82,57,100),
(47,50,155),
(75,23,359),
(93,21,373),
(70,48,299),
(6,80,444),
(96,25,375),
(23,50,223),
(27,45,357),
(9,33,476),
(34,15,326),
(92,57,48),
(68,53,185),
(85,44,265),
(9,69,138),
(97,89,54),
(17,25,184),
(68,76,386),
(51,19,193),
(22,95,292),
(60,32,40),
(82,34,228),
(9,42,280),
(82,61,303),
(60,99,150),
(10,34,221),
(63,11,225),
(4,57,34),
(52,7,336),
(85,62,280),
(6,4,461),
(66,26,166),
(23,10,472),
(71,30,232),
(19,66,370),
(70,27,432),
(99,26,59),
(83,54,475),
(25,86,68),
(41,44,408),
(16,94,2),
(23,6,251),
(61,44,376),
(70,32,330),
(15,69,95),
(2,19,138)
